attr_path,pname,version,forge_type,origin_url,owner,repo,rev,rev_type,hash,fetch_url,altered_tag,sha_before_alteration,old_snap_timestamp,sha_after_alteration,alteration_detected_at,first_commit_date,last_commit_date,primary_path,nixpkg_before_alteration,nixpkg_before_old_snap,days_from_first_commit_to_alteration
armips,armips,0.11.0,fetchFromGitHub,https://github.com/Kingcom/armips,Kingcom,armips,refs/tags/v0.11.0,tag,sha256-L+Uxww/WtvDJn1xZqoqA6Pkzq/98sy1qTxZbv6eEjbA=,https://github.com/Kingcom/armips/archive/refs/tags/v0.11.0.tar.gz,refs/tags/v0.11.0,swh:1:snp:18e62bde6a1e1933cca215d0cc2a5c9ded4cca88,2020-10-04 16:26:35+00:00,swh:1:snp:b02e6473e038a508e874bb6e990bbb8ee7f802ef,2022-01-25 17:44:03+00:00,2025-05-31 16:43:18+00:00,2025-12-10 17:56:58+00:00,pkgs/by-name/ar/armips/package.nix,False,False,-1221.9578125
cozy,cozy,1.3.0,fetchFromGitHub,https://github.com/geigi/cozy,geigi,cozy,refs/tags/1.3.0,tag,sha256-oMgdz2dny0u1XV13aHu5s8/pcAz8z/SAOf4hbCDsdjw,https://github.com/geigi/cozy/archive/refs/tags/1.3.0.tar.gz,refs/tags/1.3.0,swh:1:snp:bfeb954cf866b15c9b5118bf333789f952a5d2c9,2023-12-04 13:28:03+00:00,swh:1:snp:56415de1de815c995b40b61e9218e434be5791ff,2024-02-17 06:52:31+00:00,2024-11-09 12:04:51+00:00,2025-12-10 17:56:58+00:00,pkgs/by-name/co/cozy/package.nix,False,False,-266.2168981481482
cozy,cozy,1.3.0,fetchFromGitHub,https://github.com/geigi/cozy,geigi,cozy,refs/tags/1.3.0,tag,sha256-oMgdz2dny0u1XV13aHu5s8/pcAz8z/SAOf4hbCDsdjw,https://github.com/geigi/cozy/archive/refs/tags/1.3.0.tar.gz,refs/tags/1.3.0,swh:1:snp:56415de1de815c995b40b61e9218e434be5791ff,2024-02-17 06:52:31+00:00,swh:1:snp:f4e81bc603947f1644e193f8edc92c3707659ab0,2024-03-18 00:12:54+00:00,2024-11-09 12:04:51+00:00,2025-12-10 17:56:58+00:00,pkgs/by-name/co/cozy/package.nix,False,False,-236.49440972222223
dosbox-staging,dosbox-staging,0.82.2,fetchFromGitHub,https://github.com/dosbox-staging/dosbox-staging,dosbox-staging,dosbox-staging,refs/tags/v0.82.2,tag,sha256-u9W6TfHF+BNeoExcx98kCVJu1BNwWnvjBEg84evMnBw=,https://github.com/dosbox-staging/dosbox-staging/archive/refs/tags/v0.82.2.tar.gz,refs/tags/v0.82.2,swh:1:snp:c80dfec390768deb3eb595840cc3d47b1172da55,2025-04-28 22:07:37+00:00,swh:1:snp:d0b42e4f57b69fd3b994a95a61a330e308d3e073,2025-06-20 15:50:10+00:00,2023-10-11 17:11:38+00:00,2025-07-22 13:19:36+00:00,pkgs/by-name/do/dosbox-staging/package.nix,True,True,617.9434259259259
driftnet,driftnet,1.6.0,fetchFromGitHub,https://github.com/deiv/driftnet,deiv,driftnet,refs/tags/v1.6.0,tag,sha256-f7EPC/n3CyxVOXC6j43Nnwkgu/aDVst8lQpzfgegDsI=,https://github.com/deiv/driftnet/archive/refs/tags/v1.6.0.tar.gz,refs/tags/v1.6.0,swh:1:snp:0be0677e1b56037eaa6bf434b08d71d66c1acb7f,2025-04-30 07:13:44+00:00,swh:1:snp:8119fb6781ce62841ae1192723e5bfda0dea7ced,2025-05-13 02:33:41+00:00,2024-11-09 12:04:51+00:00,2025-12-07 19:52:19+00:00,pkgs/by-name/dr/driftnet/package.nix,True,True,184.60335648148148
faraday-agent-dispatcher,faraday-agent-dispatcher,3.4.2,fetchFromGitHub,https://github.com/infobyte/faraday_agent_dispatcher,infobyte,faraday_agent_dispatcher,refs/tags/3.4.2,tag,sha256-Qr3ZGU4y7f6yHD78ecdv7a6IBFDpT+/4Yez0n/MenN0=,https://github.com/infobyte/faraday_agent_dispatcher/archive/refs/tags/3.4.2.tar.gz,refs/tags/3.4.2,swh:1:snp:1bc292c9f88b116ba209a32d3ceb75ba52b036f9,2024-07-10 23:57:01+00:00,swh:1:snp:c44391387690b21ef3df446d52f2af77cab4df15,2024-07-22 01:55:47+00:00,2024-11-09 12:04:51+00:00,2025-06-02 06:42:56+00:00,pkgs/by-name/fa/faraday-agent-dispatcher/package.nix,False,False,-110.42296296296297
gamemode,gamemode,1.8.2,fetchFromGitHub,https://github.com/FeralInteractive/gamemode,FeralInteractive,gamemode,refs/tags/1.8.2,tag,sha256-V0rewbSVOGFqJqXyCz4jXpuDM0EfjdkpGPl+WdDwI5I=,https://github.com/FeralInteractive/gamemode/archive/refs/tags/1.8.2.tar.gz,refs/tags/1.8.2,swh:1:snp:ce0233d3eb10836f2f1cbb6837e37d6294a6a0a5,2024-08-30 21:47:20+00:00,swh:1:snp:4030d251cc4786035ba073a598ce7192469a34d4,2024-09-14 21:49:26+00:00,2021-05-18 00:31:45+00:00,2025-01-27 01:10:23+00:00,nixos/modules/programs/gamemode.nix,True,True,1215.8872800925926
go-cve-search,go-cve-search,0.1.4,fetchFromGitHub,https://github.com/s-index/go-cve-search,s-index,go-cve-search,refs/tags/v0.1.4,tag,sha256-gx2No5XGflGY6TIU92gz9XrNDzd4NiSuxpbwxChlqWo=,https://github.com/s-index/go-cve-search/archive/refs/tags/v0.1.4.tar.gz,refs/tags/v0.1.4,swh:1:snp:8872f8aeab7db1e1c50eaa47fd41dbbf1c794897,2023-02-26 06:13:47+00:00,swh:1:snp:12922a6082a590698c4b2474e1b31c7df6b28ca9,2023-03-16 18:26:33+00:00,2024-11-09 12:04:51+00:00,2025-06-03 14:15:50+00:00,pkgs/by-name/go/go-cve-search/package.nix,False,False,-603.7349305555556
haunt,haunt,0.3.0,fetchgit,https://git.dthompson.us/haunt.git,,,refs/tags/v0.3.0,tag,sha256-i6MI0eaRiA/JNgkIBJGLAsqMnyJz47aavyD6kOL7sqU=,,refs/tags/v0.3.0,swh:1:snp:19638c9877c6766a4c5203653437346fe5cc2ac0,2023-06-22 16:59:26+00:00,swh:1:snp:dd7e7f1d145459c6f47916cb7f6ee0b2d9eb82e6,2023-12-15 04:21:17+00:00,2023-10-09 23:36:02+00:00,2025-07-17 03:39:56+00:00,pkgs/by-name/ha/haunt/package.nix,True,False,66.19809027777778
hjson,hjson,3.0.2,fetchFromGitHub,https://github.com/hjson/hjson-py,hjson,hjson-py,refs/tags/v3.0.2,tag,sha256-VrCLHfXShF45IEhGVQpryBzjxreQEunyghazDNKRh8k=,https://github.com/hjson/hjson-py/archive/refs/tags/v3.0.2.tar.gz,refs/tags/v3.0.2,swh:1:snp:a3c9fe9e15d0d0a2f034f32a34ae532e2e7a5401,2017-05-31 22:41:52+00:00,swh:1:snp:df15422b759ba5df754d320652a980a21de54112,2021-01-09 01:07:31+00:00,2020-11-29 01:30:40+00:00,2025-12-10 17:56:58+00:00,pkgs/development/python-modules/hjson/default.nix,True,False,40.98392361111111
intel-ipsec-mb,intel-ipsec-mb,2.0.1,fetchFromGitHub,https://github.com/intel/intel-ipsec-mb,intel,intel-ipsec-mb,refs/tags/v2.0.1,tag,sha256-k/NoPMKbiWZ25tdomsPpv2gfhQuBHxzX6KRT1UY88Ko=,https://github.com/intel/intel-ipsec-mb/archive/refs/tags/v2.0.1.tar.gz,refs/tags/v2.0.1,swh:1:snp:4519eeb342e0c6cfd63a56e15c1ba23b3f02e446,2025-07-02 19:57:04+00:00,swh:1:snp:ecf47bedddfe65f8217fafe8643aa3fd4670bbbb,2025-08-02 01:30:12+00:00,2025-10-24 08:47:28+00:00,2025-12-10 17:56:58+00:00,pkgs/by-name/in/intel-ipsec-mb/package.nix,False,False,-83.30365740740741
ktimetracker,ktimetracker,6.0.0,fetchFromGitHub,https://github.com/KDE/ktimetracker,KDE,ktimetracker,refs/tags/v6.0.0,tag,sha256-SQjqNzmmt0AEQvGW4Vz5GldQcp7Q9rZvGG7mGugRwd8=,https://github.com/KDE/ktimetracker/archive/refs/tags/v6.0.0.tar.gz,refs/tags/v6.0.0,swh:1:snp:ba3ed19a3d295530fb42602da9babec24acba3f4,2025-04-24 22:29:30+00:00,swh:1:snp:cddea831193d1fc0e4165011534b751160f2e228,2025-06-23 17:58:27+00:00,2025-08-05 18:54:34+00:00,2025-09-01 11:00:13+00:00,pkgs/by-name/kt/ktimetracker/package.nix,False,False,-43.038969907407406
libv3270,libv3270,5.5.0,fetchFromGitHub,https://github.com/PerryWerneck/libv3270,PerryWerneck,libv3270,refs/tags/5.5.0,tag,sha256-Cn/to1/7mH1Ygjcx12mMf52PTcz4smy/+bwWH1mbT9s=,https://github.com/PerryWerneck/libv3270/archive/refs/tags/5.5.0.tar.gz,refs/tags/5.5.0,swh:1:snp:408f44ad8ebabc3bb2af9de19828532ab8af10c9,2024-12-14 15:07:21+00:00,swh:1:snp:ba8ca04a1f63ede831117994f84f244121564323,2025-05-01 06:44:24+00:00,2023-11-21 16:27:25+00:00,2025-11-16 03:47:15+00:00,pkgs/by-name/li/libv3270/package.nix,True,True,526.5951273148148
libv3270,libv3270,5.5.0,fetchFromGitHub,https://github.com/PerryWerneck/libv3270,PerryWerneck,libv3270,refs/tags/5.5.0,tag,sha256-Cn/to1/7mH1Ygjcx12mMf52PTcz4smy/+bwWH1mbT9s=,https://github.com/PerryWerneck/libv3270/archive/refs/tags/5.5.0.tar.gz,refs/tags/5.5.0,swh:1:snp:ba8ca04a1f63ede831117994f84f244121564323,2025-05-01 06:44:24+00:00,swh:1:snp:eb104de0372cd03469106e7f2c8663f8724a3abc,2025-09-03 12:25:55+00:00,2023-11-21 16:27:25+00:00,2025-11-16 03:47:15+00:00,pkgs/by-name/li/libv3270/package.nix,True,True,651.8322916666667
medusa,medusa,2.3,fetchFromGitHub,https://github.com/jmk-foofus/medusa,jmk-foofus,medusa,refs/tags/2.3,tag,sha256-ftn5RBE3NYfjXLq8Gm92sbFW+M925BDuL/VmwfPYXpo=,https://github.com/jmk-foofus/medusa/archive/refs/tags/2.3.tar.gz,refs/tags/2.3,swh:1:snp:36fbc2f18b9b62e7e7d76968eed022f352c30c8e,2024-04-03 20:13:47+00:00,swh:1:snp:7e84d01e9fd3cb3befc422c4df216f2da92cba2e,2025-05-19 09:31:24+00:00,2024-11-09 12:04:51+00:00,2025-12-10 17:56:58+00:00,pkgs/by-name/me/medusa/package.nix,True,False,190.8934375
mingtest,mingtest,0.2.1,fetchFromGitHub,https://github.com/craflin/mingtest,craflin,mingtest,refs/tags/0.2.1,tag,sha256-buFr5w+3YJ2gJeQ8YTsFrUMU9hWq/iAJ6cW6ykvETfM=,https://github.com/craflin/mingtest/archive/refs/tags/0.2.1.tar.gz,refs/tags/0.2.1,swh:1:snp:d935ba74f0eac72b6afa32cdc32c8ca6fc131655,2024-10-08 18:11:37+00:00,swh:1:snp:b3e57d03661018f9e79e3042c4816e9183c8bd30,2024-10-30 23:57:53+00:00,2024-07-17 05:11:00+00:00,2025-01-03 20:24:13+00:00,pkgs/by-name/mi/mingtest/package.nix,True,True,105.78255787037037
ocamlPackages.landmarks,landmarks,1.5,fetchFromGitHub,https://github.com/LexiFi/landmarks,LexiFi,landmarks,refs/tags/v1.5,tag,sha256-eIq02D19OzDOrMDHE1Ecrgk+T6s9vj2X6B2HY+z+K8Q=,https://github.com/LexiFi/landmarks/archive/refs/tags/v1.5.tar.gz,refs/tags/v1.5,swh:1:snp:51cf2c389b8c246871da1b480aa38bdf8859fe5e,2025-01-17 14:01:34+00:00,swh:1:snp:f704be07c936abace95b762590ea007db739f015,2025-02-03 21:04:52+00:00,,,,False,False,
ocamlPackages.samplerate,samplerate,0.1.6,fetchFromGitHub,https://github.com/savonet/ocaml-samplerate,savonet,ocaml-samplerate,refs/tags/v0.1.6,tag,sha256-N3PSUSZ1tKNJcNPSgye6+8QQXcZIez72jk/YdNNOEUA=,https://github.com/savonet/ocaml-samplerate/archive/refs/tags/v0.1.6.tar.gz,refs/tags/v0.1.6,swh:1:snp:7cf23ad84c282632262b9e461940d86b920207cc,2021-08-02 13:52:56+00:00,swh:1:snp:316345fe6580ea5d91e918f1086ac78c50ce07d6,2021-12-11 20:07:07+00:00,,,,False,False,
omnisharp-roslyn,omnisharp-roslyn,1.39.14,fetchFromGitHub,https://github.com/OmniSharp/omnisharp-roslyn,OmniSharp,omnisharp-roslyn,refs/tags/v1.39.14,tag,sha256-yWrb+Ov1syKjeer7CxmGzkf9qUJxQ0IoIRfyIiO8eI8=,https://github.com/OmniSharp/omnisharp-roslyn/archive/refs/tags/v1.39.14.tar.gz,refs/tags/v1.39.14,swh:1:snp:e58404ed672332b73ec8c55b2d6792df62d53105,2025-07-23 21:48:00+00:00,swh:1:snp:6ab03a47d1c19fe3e143bce89a8ed9ca92cead47,2025-07-26 16:11:31+00:00,2024-12-06 02:37:59+00:00,2025-08-10 11:37:31+00:00,pkgs/by-name/om/omnisharp-roslyn/deps.json,True,True,232.5649537037037
onlykey,onlykey,5.5.0,fetchFromGitHub,https://github.com/trustcrypto/OnlyKey-App,trustcrypto,OnlyKey-App,refs/tags/v5.5.0,tag,sha256-8MSdr+ghCBPeGp63Yi1T+gyEwXOEUW3vqi9CrCmozrw=,https://github.com/trustcrypto/OnlyKey-App/archive/refs/tags/v5.5.0.tar.gz,refs/tags/v5.5.0,swh:1:snp:2a40744b22accfbb0175f428593bb373a6acb556,2023-03-15 06:14:45+00:00,swh:1:snp:d38aba9f507ad3c55c220c4706167bc2683dca23,2023-04-08 10:15:22+00:00,2021-05-28 23:28:38+00:00,2024-12-10 19:27:17+00:00,nixos/modules/hardware/onlykey/default.nix,True,True,679.4491203703703
python3Packages.chipwhisperer,chipwhisperer,5.7.0,fetchFromGitHub,https://github.com/newaetech/chipwhisperer,newaetech,chipwhisperer,refs/tags/5.7.0,tag,sha256-C7QP044QEP7vmz1lMseLtMTYoKn5SoFV/q9URY7yQ6I=,https://github.com/newaetech/chipwhisperer/archive/refs/tags/5.7.0.tar.gz,refs/tags/5.7.0,swh:1:snp:601e7372a41b7d9c80991eaa50b10b5091fd5e3a,2023-01-19 11:08:40+00:00,swh:1:snp:e979764ff41fda683e6618b89cf756025d7828a2,2025-02-03 21:02:02+00:00,,,,False,False,
python3Packages.e3-testsuite,e3-testsuite,27.2,fetchFromGitHub,https://github.com/AdaCore/e3-testsuite,AdaCore,e3-testsuite,refs/tags/v27.2,tag,sha256-qG8SHwogBle3demgFJCqcfCh5ktLvOqh2XSwxPCANFk=,https://github.com/AdaCore/e3-testsuite/archive/refs/tags/v27.2.tar.gz,refs/tags/v27.2,swh:1:snp:23604b488b31f7da30b22192216f23e210dde682,2025-06-23 18:52:03+00:00,swh:1:snp:79fac011d69f6d5554eb5a07804ddba654ff155a,2025-07-05 01:56:15+00:00,,,,False,False,
python3Packages.geometric,geometric,1.1,fetchFromGitHub,https://github.com/leeping/geomeTRIC,leeping,geomeTRIC,refs/tags/1.1,tag,sha256-hxNzyuupktUWDzZXXJNsVoC6m/kyE1fbfY5K6LiO+x0=,https://github.com/leeping/geomeTRIC/archive/refs/tags/1.1.tar.gz,refs/tags/1.1,swh:1:snp:7c9abf1b09c28e6ab4d9b8b4d6609d47ee144a0a,2025-01-29 02:49:55+00:00,swh:1:snp:88f899c245e4b0b05a3fb71c924f75673b823d86,2025-02-03 04:02:36+00:00,,,,False,False,
python3Packages.hf-transfer,hf-transfer,0.1.9,fetchFromGitHub,https://github.com/huggingface/hf_transfer,huggingface,hf_transfer,refs/tags/v0.1.9,tag,sha256-mcU3YuJVfuwBvtLfqceV3glcJcpjSX7M3VjvbvLCxZg=,https://github.com/huggingface/hf_transfer/archive/refs/tags/v0.1.9.tar.gz,refs/tags/v0.1.9,swh:1:snp:1b6157277a9f46dc0d790075115702c778032eb6,2025-01-07 05:46:12+00:00,swh:1:snp:06278f6b2d19dac71bad6c230c359602e2c89578,2025-01-20 07:52:10+00:00,,,,False,False,
python3Packages.hjson,hjson,3.0.2,fetchFromGitHub,https://github.com/hjson/hjson-py,hjson,hjson-py,refs/tags/v3.0.2,tag,sha256-VrCLHfXShF45IEhGVQpryBzjxreQEunyghazDNKRh8k=,https://github.com/hjson/hjson-py/archive/refs/tags/v3.0.2.tar.gz,refs/tags/v3.0.2,swh:1:snp:a3c9fe9e15d0d0a2f034f32a34ae532e2e7a5401,2017-05-31 22:41:52+00:00,swh:1:snp:df15422b759ba5df754d320652a980a21de54112,2021-01-09 01:07:31+00:00,,,,False,False,
rhino,rhino,1.8.0,fetchFromGitHub,https://github.com/mozilla/rhino,mozilla,rhino,refs/tags/Rhino1_8_0_Release,tag,sha256-H8DbcRPMm4SKmGf40dXnjGeEbbj9COzdHgUIkcCimTM=,https://github.com/mozilla/rhino/archive/refs/tags/Rhino1_8_0_Release.tar.gz,refs/tags/Rhino1_8_0_Release,swh:1:snp:7f1280709bc2ef50b192ddab377a5025d4efd40f,2024-12-31 04:06:48+00:00,swh:1:snp:1f255d8c2f925c41ff8846bb569a388b9ad7c94b,2025-01-09 18:52:53+00:00,2025-10-02 01:38:41+00:00,2025-10-02 01:38:41+00:00,pkgs/by-name/rh/rhino/deps.json,False,False,-265.28180555555554
rita,rita,4.8.1,fetchFromGitHub,https://github.com/activecm/rita,activecm,rita,refs/tags/v4.8.1,tag,sha256-By0JvQ4LTm+NEnRMadE1x2PiiYqnJQCsF3Fy+gHulXs=,https://github.com/activecm/rita/archive/refs/tags/v4.8.1.tar.gz,refs/tags/v4.8.1,swh:1:snp:d73403094f9fe71651bd72c282886030e2edebf4,2023-12-15 18:50:20+00:00,swh:1:snp:26c8ad8119e5a381369018840b664fadd44b05fd,2024-07-12 02:28:59+00:00,2023-12-07 10:17:39+00:00,2025-06-06 19:58:04+00:00,pkgs/by-name/ri/rita/package.nix,True,True,217.67453703703703
shelldap,shelldap,1.5.1,fetchFromGitHub,https://github.com/mahlonsmith/shelldap,mahlonsmith,shelldap,refs/tags/v1.5.1,tag,sha256-67ttAXzu9pfeqjfhMfLMb9vWCXTrE+iUDCbamqswaLg=,https://github.com/mahlonsmith/shelldap/archive/refs/tags/v1.5.1.tar.gz,refs/tags/v1.5.1,swh:1:snp:b476a46c2e1e4a8989ad68ae92501d97f1dd520a,2020-07-15 19:07:33+00:00,swh:1:snp:eefd1c6e61435a3390c868c28ac4daa82b7c14c3,2025-07-09 19:17:13+00:00,2024-11-09 12:04:51+00:00,2025-06-06 19:58:04+00:00,pkgs/by-name/sh/shelldap/package.nix,True,False,242.30025462962962
smplayer,smplayer,25.6.0,fetchFromGitHub,https://github.com/smplayer-dev/smplayer,smplayer-dev,smplayer,refs/tags/v25.6.0,tag,sha256-txGz6v9hkvnrmVmBHsi1B2eC/iNT1tg4dU5AcMsSCic=,https://github.com/smplayer-dev/smplayer/archive/refs/tags/v25.6.0.tar.gz,refs/tags/v25.6.0,swh:1:snp:3a4eea037a412a568bc397c1d004033af8d3957d,2025-06-09 01:45:26+00:00,swh:1:snp:26cdea33dc097fb047b61877006915f7d66658ec,2025-06-21 08:54:34+00:00,2024-05-13 20:33:06+00:00,2025-09-01 11:00:13+00:00,pkgs/by-name/sm/smplayer/package.nix,True,True,403.5149074074074
softflowd,softflowd,1.1.1,fetchFromGitHub,https://github.com/irino/softflowd,irino,softflowd,refs/tags/softflowd-v1.1.1,tag,sha256-qWHwkXT1Lw8fe9nELaMB6EzAnNxsDvxiLWH3AacVZeA=,https://github.com/irino/softflowd/archive/refs/tags/softflowd-v1.1.1.tar.gz,refs/tags/softflowd-v1.1.1,swh:1:snp:3bd1da1a502451280ad4dd5a593294ff116b5314,2025-02-19 11:51:12+00:00,swh:1:snp:a0297213fdff3690e2a35a5b02ae215592604f78,2025-03-12 22:00:42+00:00,2025-02-06 11:48:06+00:00,2025-02-06 11:48:06+00:00,pkgs/by-name/so/softflowd/package.nix,True,True,34.42541666666666
sqlitebrowser,sqlitebrowser,3.13.1,fetchFromGitHub,https://github.com/sqlitebrowser/sqlitebrowser,sqlitebrowser,sqlitebrowser,refs/tags/v3.13.1,tag,sha256-bpZnO8i8MDgOm0f93pBmpy1sZLJQ9R4o4ZLnGfT0JRg=,https://github.com/sqlitebrowser/sqlitebrowser/archive/refs/tags/v3.13.1.tar.gz,refs/tags/v3.13.1,swh:1:snp:a42f4af9d86fb1f42bf5dd5e931fb29b0a97cfb0,2024-11-05 09:38:32+00:00,swh:1:snp:e35a10be909403f5c27f762d717fd7898d6ce154,2025-01-21 21:46:22+00:00,2025-08-05 16:29:58+00:00,2025-08-05 16:29:58+00:00,pkgs/by-name/sq/sqlitebrowser/macos.patch,False,False,-195.78027777777777
superlu,superlu,7.0.1,fetchFromGitHub,https://github.com/xiaoyeli/superlu,xiaoyeli,superlu,refs/tags/v7.0.1,tag,sha256-MiQPhYIGZbvmtpIojrNzTG4Xao7lc4Ks/FtxlfdAKmQ=,https://github.com/xiaoyeli/superlu/archive/refs/tags/v7.0.1.tar.gz,refs/tags/v7.0.1,swh:1:snp:8858c4591ec090b4d713167bac277f09959a92e5,2025-04-28 14:53:33+00:00,swh:1:snp:85a93cd0a374875828d8d50e58336e07e91c06b3,2025-05-09 19:06:20+00:00,2024-11-09 12:04:51+00:00,2025-10-04 01:02:59+00:00,pkgs/by-name/su/superlu/package.nix,True,True,181.29269675925926
trezord,trezord-go,2.0.33,fetchFromGitHub,https://github.com/trezor/trezord-go,trezor,trezord-go,refs/tags/v2.0.33,tag,sha256-3I6NOzDMhzRyVSOURl7TjJ1Z0P0RcKrSs5rNaZ0Ho9M=,,refs/tags/v2.0.33,swh:1:snp:a7e3e0f75f8f713b5fc5a3a181e4431ec94eff92,2023-04-18 10:48:51+00:00,swh:1:snp:bf7a93067f39bb32e4597532bd5e9dc8ab5b8882,2023-04-26 01:49:13+00:00,2017-02-08 16:18:22+00:00,2026-01-16 18:24:32+00:00,nixos/modules/services/hardware/trezord.nix,True,True,2267.396423611111
wifi-qr,wifi-qr,0.4,fetchFromGitHub,https://github.com/kokoye2007/wifi-qr,kokoye2007,wifi-qr,refs/tags/v0.4,tag,sha256-tE+9bFDgiFS1Jj+AAwTMKjMh5wS5/gkRSQaCBR/riYQ=,https://github.com/kokoye2007/wifi-qr/archive/refs/tags/v0.4.tar.gz,refs/tags/v0.4,swh:1:snp:71cee1001d42903a37aaea0a9a99b8aade2545ba,2024-12-22 00:43:54+00:00,swh:1:snp:9bfe1780a229a16d06913337ea0f73e69b6a07e9,2025-01-22 15:04:32+00:00,2023-11-07 17:20:58+00:00,2025-05-01 00:27:49+00:00,pkgs/by-name/wi/wifi-qr/package.nix,True,True,441.9052546296296
wifi-qr,wifi-qr,0.4,fetchFromGitHub,https://github.com/kokoye2007/wifi-qr,kokoye2007,wifi-qr,refs/tags/v0.4,tag,sha256-tE+9bFDgiFS1Jj+AAwTMKjMh5wS5/gkRSQaCBR/riYQ=,https://github.com/kokoye2007/wifi-qr/archive/refs/tags/v0.4.tar.gz,refs/tags/v0.4,swh:1:snp:9bfe1780a229a16d06913337ea0f73e69b6a07e9,2025-01-22 15:04:32+00:00,swh:1:snp:f423158debbc3f5ee55214804281581d8f2b7ba6,2025-02-21 06:13:21+00:00,2023-11-07 17:20:58+00:00,2025-05-01 00:27:49+00:00,pkgs/by-name/wi/wifi-qr/package.nix,True,True,471.53637731481484
