attr_path,forge_type,stored_hash,fetched_hash,hash_match,fetch_error,checked_at
armips,fetchFromGitHub,sha256-L+Uxww/WtvDJn1xZqoqA6Pkzq/98sy1qTxZbv6eEjbA=,sha256-L+Uxww/WtvDJn1xZqoqA6Pkzq/98sy1qTxZbv6eEjbA=,True,,2026-03-07T15:41:57.676403+00:00
cozy,fetchFromGitHub,sha256-oMgdz2dny0u1XV13aHu5s8/pcAz8z/SAOf4hbCDsdjw,sha256-oMgdz2dny0u1XV13aHu5s8/pcAz8z/SAOf4hbCDsdjw=,True,,2026-03-07T15:41:57.676700+00:00
cozy,fetchFromGitHub,sha256-oMgdz2dny0u1XV13aHu5s8/pcAz8z/SAOf4hbCDsdjw,sha256-oMgdz2dny0u1XV13aHu5s8/pcAz8z/SAOf4hbCDsdjw=,True,,2026-03-07T15:41:57.680213+00:00
dosbox-staging,fetchFromGitHub,sha256-u9W6TfHF+BNeoExcx98kCVJu1BNwWnvjBEg84evMnBw=,sha256-u9W6TfHF+BNeoExcx98kCVJu1BNwWnvjBEg84evMnBw=,True,,2026-03-07T15:41:57.680372+00:00
driftnet,fetchFromGitHub,sha256-f7EPC/n3CyxVOXC6j43Nnwkgu/aDVst8lQpzfgegDsI=,sha256-f7EPC/n3CyxVOXC6j43Nnwkgu/aDVst8lQpzfgegDsI=,True,,2026-03-07T15:41:58.344039+00:00
faraday-agent-dispatcher,fetchFromGitHub,sha256-Qr3ZGU4y7f6yHD78ecdv7a6IBFDpT+/4Yez0n/MenN0=,sha256-Qr3ZGU4y7f6yHD78ecdv7a6IBFDpT+/4Yez0n/MenN0=,True,,2026-03-07T15:41:58.381313+00:00
gamemode,fetchFromGitHub,sha256-V0rewbSVOGFqJqXyCz4jXpuDM0EfjdkpGPl+WdDwI5I=,sha256-V0rewbSVOGFqJqXyCz4jXpuDM0EfjdkpGPl+WdDwI5I=,True,,2026-03-07T15:41:58.407821+00:00
go-cve-search,fetchFromGitHub,sha256-gx2No5XGflGY6TIU92gz9XrNDzd4NiSuxpbwxChlqWo=,sha256-gx2No5XGflGY6TIU92gz9XrNDzd4NiSuxpbwxChlqWo=,True,,2026-03-07T15:41:59.048725+00:00
haunt,fetchgit,sha256-i6MI0eaRiA/JNgkIBJGLAsqMnyJz47aavyD6kOL7sqU=,,,Command not found: nix-prefetch-git,2026-03-07T15:41:59.063167+00:00
hjson,fetchFromGitHub,sha256-VrCLHfXShF45IEhGVQpryBzjxreQEunyghazDNKRh8k=,sha256-VrCLHfXShF45IEhGVQpryBzjxreQEunyghazDNKRh8k=,True,,2026-03-07T15:41:59.069948+00:00
intel-ipsec-mb,fetchFromGitHub,sha256-k/NoPMKbiWZ25tdomsPpv2gfhQuBHxzX6KRT1UY88Ko=,sha256-k/NoPMKbiWZ25tdomsPpv2gfhQuBHxzX6KRT1UY88Ko=,True,,2026-03-07T15:41:59.146695+00:00
ktimetracker,fetchFromGitHub,sha256-SQjqNzmmt0AEQvGW4Vz5GldQcp7Q9rZvGG7mGugRwd8=,sha256-SQjqNzmmt0AEQvGW4Vz5GldQcp7Q9rZvGG7mGugRwd8=,True,,2026-03-07T15:41:59.428219+00:00
libv3270,fetchFromGitHub,sha256-Cn/to1/7mH1Ygjcx12mMf52PTcz4smy/+bwWH1mbT9s=,sha256-tW3CPga8HooTEfe2zPKprrm3SoYM703L+EHl/WeI5P8=,False,,2026-03-07T15:41:59.667027+00:00
libv3270,fetchFromGitHub,sha256-Cn/to1/7mH1Ygjcx12mMf52PTcz4smy/+bwWH1mbT9s=,sha256-tW3CPga8HooTEfe2zPKprrm3SoYM703L+EHl/WeI5P8=,False,,2026-03-07T15:41:59.802716+00:00
medusa,fetchFromGitHub,sha256-ftn5RBE3NYfjXLq8Gm92sbFW+M925BDuL/VmwfPYXpo=,sha256-ftn5RBE3NYfjXLq8Gm92sbFW+M925BDuL/VmwfPYXpo=,True,,2026-03-07T15:42:00.184822+00:00
mingtest,fetchFromGitHub,sha256-buFr5w+3YJ2gJeQ8YTsFrUMU9hWq/iAJ6cW6ykvETfM=,sha256-buFr5w+3YJ2gJeQ8YTsFrUMU9hWq/iAJ6cW6ykvETfM=,True,,2026-03-07T15:42:00.311362+00:00
ocamlPackages.landmarks,fetchFromGitHub,sha256-eIq02D19OzDOrMDHE1Ecrgk+T6s9vj2X6B2HY+z+K8Q=,sha256-eIq02D19OzDOrMDHE1Ecrgk+T6s9vj2X6B2HY+z+K8Q=,True,,2026-03-07T15:42:00.473966+00:00
ocamlPackages.samplerate,fetchFromGitHub,sha256-N3PSUSZ1tKNJcNPSgye6+8QQXcZIez72jk/YdNNOEUA=,sha256-N3PSUSZ1tKNJcNPSgye6+8QQXcZIez72jk/YdNNOEUA=,True,,2026-03-07T15:42:00.541371+00:00
omnisharp-roslyn,fetchFromGitHub,sha256-yWrb+Ov1syKjeer7CxmGzkf9qUJxQ0IoIRfyIiO8eI8=,sha256-yWrb+Ov1syKjeer7CxmGzkf9qUJxQ0IoIRfyIiO8eI8=,True,,2026-03-07T15:42:00.885884+00:00
onlykey,fetchFromGitHub,sha256-8MSdr+ghCBPeGp63Yi1T+gyEwXOEUW3vqi9CrCmozrw=,sha256-8MSdr+ghCBPeGp63Yi1T+gyEwXOEUW3vqi9CrCmozrw=,True,,2026-03-07T15:42:00.918049+00:00
python3Packages.chipwhisperer,fetchFromGitHub,sha256-C7QP044QEP7vmz1lMseLtMTYoKn5SoFV/q9URY7yQ6I=,sha256-C7QP044QEP7vmz1lMseLtMTYoKn5SoFV/q9URY7yQ6I=,True,,2026-03-07T15:42:01.065372+00:00
python3Packages.e3-testsuite,fetchFromGitHub,sha256-qG8SHwogBle3demgFJCqcfCh5ktLvOqh2XSwxPCANFk=,,,"error:
       … during download of 'https://github.com/AdaCore/e3-testsuite/archive/refs/tags/v27.2.tar.gz'

       error: unable to download 'https://github.com/AdaCore/e3-testsuite/archive/refs/tags/v27.2.tar.gz': HTTP error 404

       response body:

       404: Not Found",2026-03-07T15:42:01.138705+00:00
python3Packages.geometric,fetchFromGitHub,sha256-hxNzyuupktUWDzZXXJNsVoC6m/kyE1fbfY5K6LiO+x0=,sha256-+eZWqBmX3c1/NqeEL62E09zPp6GeKxImD8E7uo6a85o=,False,,2026-03-07T15:42:01.617890+00:00
python3Packages.hf-transfer,fetchFromGitHub,sha256-mcU3YuJVfuwBvtLfqceV3glcJcpjSX7M3VjvbvLCxZg=,sha256-mcU3YuJVfuwBvtLfqceV3glcJcpjSX7M3VjvbvLCxZg=,True,,2026-03-07T15:42:01.806124+00:00
python3Packages.hjson,fetchFromGitHub,sha256-VrCLHfXShF45IEhGVQpryBzjxreQEunyghazDNKRh8k=,sha256-VrCLHfXShF45IEhGVQpryBzjxreQEunyghazDNKRh8k=,True,,2026-03-07T15:42:02.325433+00:00
rhino,fetchFromGitHub,sha256-H8DbcRPMm4SKmGf40dXnjGeEbbj9COzdHgUIkcCimTM=,sha256-H8DbcRPMm4SKmGf40dXnjGeEbbj9COzdHgUIkcCimTM=,True,,2026-03-07T15:42:02.384792+00:00
rita,fetchFromGitHub,sha256-By0JvQ4LTm+NEnRMadE1x2PiiYqnJQCsF3Fy+gHulXs=,,,"error:
       … during download of 'https://github.com/activecm/rita/archive/refs/tags/v4.8.1.tar.gz'

       error: unable to download 'https://github.com/activecm/rita/archive/refs/tags/v4.8.1.tar.gz': HTTP error 404

       response body:

       404: Not Found",2026-03-07T15:42:02.754106+00:00
shelldap,fetchFromGitHub,sha256-67ttAXzu9pfeqjfhMfLMb9vWCXTrE+iUDCbamqswaLg=,,,"error:
       … during download of 'https://github.com/mahlonsmith/shelldap/archive/refs/tags/v1.5.1.tar.gz'

       error: unable to download 'https://github.com/mahlonsmith/shelldap/archive/refs/tags/v1.5.1.tar.gz': HTTP error 404

       response body:

       404: Not Found",2026-03-07T15:42:03.343002+00:00
smplayer,fetchFromGitHub,sha256-txGz6v9hkvnrmVmBHsi1B2eC/iNT1tg4dU5AcMsSCic=,sha256-txGz6v9hkvnrmVmBHsi1B2eC/iNT1tg4dU5AcMsSCic=,True,,2026-03-07T15:42:03.876376+00:00
softflowd,fetchFromGitHub,sha256-qWHwkXT1Lw8fe9nELaMB6EzAnNxsDvxiLWH3AacVZeA=,sha256-qWHwkXT1Lw8fe9nELaMB6EzAnNxsDvxiLWH3AacVZeA=,True,,2026-03-07T15:42:04.023772+00:00
sqlitebrowser,fetchFromGitHub,sha256-bpZnO8i8MDgOm0f93pBmpy1sZLJQ9R4o4ZLnGfT0JRg=,sha256-bpZnO8i8MDgOm0f93pBmpy1sZLJQ9R4o4ZLnGfT0JRg=,True,,2026-03-07T15:42:04.869009+00:00
superlu,fetchFromGitHub,sha256-MiQPhYIGZbvmtpIojrNzTG4Xao7lc4Ks/FtxlfdAKmQ=,sha256-OjCHMWEeGJMCucSkJZppnrz41nNLy1rrW6ItZSZUA9I=,False,,2026-03-07T15:42:04.892188+00:00
trezord,fetchFromGitHub,sha256-3I6NOzDMhzRyVSOURl7TjJ1Z0P0RcKrSs5rNaZ0Ho9M=,,,No fetch_url available,2026-03-07T15:42:04.920534+00:00
wifi-qr,fetchFromGitHub,sha256-tE+9bFDgiFS1Jj+AAwTMKjMh5wS5/gkRSQaCBR/riYQ=,sha256-tE+9bFDgiFS1Jj+AAwTMKjMh5wS5/gkRSQaCBR/riYQ=,True,,2026-03-07T15:42:04.920563+00:00
wifi-qr,fetchFromGitHub,sha256-tE+9bFDgiFS1Jj+AAwTMKjMh5wS5/gkRSQaCBR/riYQ=,sha256-tE+9bFDgiFS1Jj+AAwTMKjMh5wS5/gkRSQaCBR/riYQ=,True,,2026-03-07T15:42:05.522112+00:00
